input,C,fold_1,fold_2,fold_3,fold_4,fold_5,mean,sd,unconverged_folds
A: raw I/Q,0.01,0.1741,0.1827,0.18,0.1845,0.1741,0.1791,0.0043,0
A: raw I/Q,0.1,0.1741,0.1836,0.1786,0.185,0.1745,0.1792,0.0045,0
A: raw I/Q,1,0.1741,0.1836,0.1786,0.185,0.1741,0.1791,0.0046,0
A: raw I/Q,10,0.1741,0.1836,0.1786,0.185,0.1741,0.1791,0.0046,0
A: raw I/Q,100,0.1741,0.1836,0.1786,0.1855,0.1741,0.1792,0.0047,0
"B: amplitude + instantaneous frequency [A, cos Δφ, sin Δφ]",0.01,0.3932,0.4018,0.3814,0.3882,0.4009,0.3931,0.0077,0
"B: amplitude + instantaneous frequency [A, cos Δφ, sin Δφ]",0.1,0.3955,0.3936,0.3732,0.3805,0.3991,0.3884,0.0099,0
"B: amplitude + instantaneous frequency [A, cos Δφ, sin Δφ]",1,0.3923,0.3914,0.3718,0.3782,0.3945,0.3856,0.009,0
"B: amplitude + instantaneous frequency [A, cos Δφ, sin Δφ]",10,0.3918,0.3909,0.3718,0.3782,0.395,0.3855,0.0089,0
"B: amplitude + instantaneous frequency [A, cos Δφ, sin Δφ]",100,0.3918,0.3909,0.3723,0.3782,0.395,0.3856,0.0088,0
"C: power-law FFT log|FFT(x^k)|, k = 1, 2, 4, 8",0.01,0.8159,0.8,0.8291,0.8032,0.8209,0.8138,0.0109,0
"C: power-law FFT log|FFT(x^k)|, k = 1, 2, 4, 8",0.1,0.8082,0.7959,0.8141,0.7891,0.8059,0.8026,0.009,0
"C: power-law FFT log|FFT(x^k)|, k = 1, 2, 4, 8",1,0.7955,0.78,0.7891,0.7786,0.7855,0.7857,0.0061,0
"C: power-law FFT log|FFT(x^k)|, k = 1, 2, 4, 8",10,0.7855,0.7709,0.7795,0.7677,0.7795,0.7766,0.0064,0
"C: power-law FFT log|FFT(x^k)|, k = 1, 2, 4, 8",100,0.7841,0.77,0.7786,0.7705,0.7786,0.7764,0.0054,0
